First Name,Last Name,Student ID,Grade,Pathway,Location,School Hours,Event Type
Halee,Rice,gcps39481,10,healthcare,off school grounds,during school hours,worksite tour
Brenda,Ortiz,gcps86341,10,healthcare,off school grounds,during school hours,worksite tour
Carly,Duran,gcps84350,12,,off school grounds,during school hours,worksite tour
Unity,Vaughan,gcps65604,10,healthcare,off school grounds,during school hours,worksite tour
Evangeline,Dawson,gcps90508,10,,off school grounds,during school hours,worksite tour
Olympia,Hester,gcps40381,12,,off school grounds,during school hours,worksite tour
Adara,West,gcps35380,10,healthcare,off school grounds,during school hours,worksite tour
Jerry,Ellis,gcps80651,10,healthcare,off school grounds,during school hours,worksite tour
Summer,Key,gcps87888,10,healthcare,off school grounds,during school hours,worksite tour
Emma,Bean,gcps23211,10,healthcare,off school grounds,during school hours,worksite tour
Harrison,Randolph,gcps16089,9,healthcare,off school grounds,during school hours,worksite tour
Kelly,Barr,gcps58114,12,healthcare,off school grounds,during school hours,worksite tour
Arthur,Keller,gcps78904,12,healthcare,off school grounds,during school hours,worksite tour
Lysandra,Mcpherson,gcps28777,9,,off school grounds,during school hours,worksite tour
Georgia,Howe,gcps51260,9,healthcare,off school grounds,during school hours,worksite tour
Erin,Hogan,gcps96078,10,,off school grounds,during school hours,worksite tour
Wayne,Garza,gcps87106,12,,off school grounds,during school hours,worksite tour
Sean,Mills,gcps48846,9,healthcare,off school grounds,during school hours,worksite tour
Chaim,Cortez,gcps18051,9,healthcare,off school grounds,during school hours,worksite tour
Halla,Gay,gcps56534,11,healthcare,off school grounds,during school hours,worksite tour
Branden,Yang,gcps65858,12,,off school grounds,during school hours,worksite tour
Julie,Roman,gcps62353,9,healthcare,off school grounds,during school hours,worksite tour
Marvin,Morin,gcps33557,12,healthcare,off school grounds,during school hours,worksite tour
Roary,Conway,gcps41971,11,healthcare,off school grounds,during school hours,worksite tour
Lucius,Maxwell,gcps39758,11,healthcare,off school grounds,during school hours,worksite tour
Travis,Osborn,gcps15747,11,,off school grounds,during school hours,worksite tour
Uriah,Hunter,gcps98557,12,healthcare,off school grounds,during school hours,worksite tour
Roth,Bridges,gcps85783,11,,off school grounds,during school hours,worksite tour
Aaron,Sosa,gcps31123,11,healthcare,off school grounds,during school hours,worksite tour
Hanna,Sears,gcps56296,9,healthcare,off school grounds,during school hours,worksite tour
Bo,Whitaker,gcps98156,11,healthcare,off school grounds,during school hours,worksite tour
Regina,Barnett,gcps14670,9,,off school grounds,during school hours,worksite tour
Germaine,Prince,gcps59921,11,,off school grounds,during school hours,worksite tour
Halee,Rice,gcps39481,10,healthcare,on school grounds,during school hours,guest speaker
Brenda,Ortiz,gcps86341,10,healthcare,on school grounds,during school hours,guest speaker
Vaughan,Neal,gcps41062,12,,on school grounds,during school hours,guest speaker
Mariam,Cross,gcps20912,10,healthcare,on school grounds,during school hours,guest speaker
Evangeline,Dawson,gcps90508,10,,on school grounds,during school hours,guest speaker
Emerson,Bryan,gcps15436,9,healthcare,on school grounds,during school hours,guest speaker
Hanae,Booth,gcps28931,12,,on school grounds,during school hours,guest speaker
Germaine,Allison,gcps15868,10,,on school grounds,during school hours,guest speaker
Vivian,Wolfe,gcps18375,10,healthcare,on school grounds,during school hours,guest speaker
Ulla,Burch,gcps10468,10,healthcare,on school grounds,during school hours,guest speaker
Debra,Wilkerson,gcps11302,10,healthcare,on school grounds,during school hours,guest speaker
Thane,Patterson,gcps29808,10,healthcare,on school grounds,during school hours,guest speaker
Olga,Tyler,gcps23391,10,,on school grounds,during school hours,guest speaker
Wayne,Garza,gcps87106,12,,on school grounds,during school hours,guest speaker
Harlan,Jensen,gcps37569,11,,on school grounds,during school hours,guest speaker
Amity,Richard,gcps91275,12,,on school grounds,during school hours,guest speaker
Tamekah,Gill,gcps60511,11,,on school grounds,during school hours,guest speaker
Hayfa,Pruitt,gcps57507,12,healthcare,on school grounds,during school hours,guest speaker
Petra,Sykes,gcps27213,11,healthcare,on school grounds,during school hours,guest speaker
Ciara,Branch,gcps13452,9,healthcare,on school grounds,during school hours,guest speaker
Lane,Turner,gcps24042,12,,on school grounds,during school hours,guest speaker
Reece,Dodson,gcps14886,9,,on school grounds,during school hours,guest speaker
Desirae,Quinn,gcps15023,9,,on school grounds,during school hours,guest speaker
Neil,Mccoy,gcps71191,11,healthcare,on school grounds,during school hours,guest speaker
Maryam,Reyes,gcps57437,11,,on school grounds,during school hours,guest speaker
Bo,Whitaker,gcps98156,11,healthcare,on school grounds,during school hours,guest speaker
Ignacia,Walter,gcps67879,11,healthcare,on school grounds,during school hours,guest speaker
Halee,Rice,gcps39481,10,healthcare,on school grounds,during school hours,skills workshop
Geraldine,Ross,gcps95587,9,healthcare,on school grounds,during school hours,skills workshop
Carly,Duran,gcps84350,12,,on school grounds,during school hours,skills workshop
Olympia,Hester,gcps40381,12,,on school grounds,during school hours,skills workshop
Olympia,Hester,gcps40381,12,,on school grounds,during school hours,skills workshop
Dacey,Simpson,gcps11997,9,,on school grounds,during school hours,skills workshop
Coby,Pitts,gcps84530,12,,on school grounds,during school hours,skills workshop
Brennan,Wooten,gcps76001,12,healthcare,on school grounds,during school hours,skills workshop
Athena,Waters,gcps40154,9,healthcare,on school grounds,during school hours,skills workshop
Francis,Payne,gcps92682,10,,on school grounds,during school hours,skills workshop
Arthur,Keller,gcps78904,12,healthcare,on school grounds,during school hours,skills workshop
Mechelle,Michael,gcps72062,10,healthcare,on school grounds,during school hours,skills workshop
Karen,Simon,gcps37481,12,healthcare,on school grounds,during school hours,skills workshop
Xaviera,Reid,gcps60424,9,,on school grounds,during school hours,skills workshop
Tamekah,Gill,gcps60511,11,,on school grounds,during school hours,skills workshop
Cally,Strong,gcps25195,11,,on school grounds,during school hours,skills workshop
Cally,Strong,gcps25195,11,,on school grounds,during school hours,skills workshop
Karen,Calderon,gcps71450,9,healthcare,on school grounds,during school hours,skills workshop
Kieran,Petersen,gcps21645,12,healthcare,on school grounds,during school hours,skills workshop
Portia,Bradley,gcps70197,9,,on school grounds,during school hours,skills workshop
Desirae,Quinn,gcps15023,9,,on school grounds,during school hours,skills workshop
Frances,Cameron,gcps46456,12,healthcare,on school grounds,during school hours,skills workshop
Gavin,Huber,gcps95412,9,,on school grounds,during school hours,skills workshop
Neil,Mccoy,gcps71191,11,healthcare,on school grounds,during school hours,skills workshop
Michelle,Byers,gcps40564,12,healthcare,on school grounds,during school hours,skills workshop
Lucius,Mccullough,gcps35411,12,,on school grounds,during school hours,skills workshop
Maryam,Reyes,gcps57437,11,,on school grounds,during school hours,skills workshop
Quynn,Lawrence,gcps88844,11,healthcare,on school grounds,during school hours,skills workshop
Ross,Parker,gcps66419,11,,on school grounds,during school hours,skills workshop
Ross,Parker,gcps66419,11,,on school grounds,during school hours,skills workshop
Damian,Curtis,gcps31231,11,,on school grounds,during school hours,skills workshop
Shellie,Hopkins,gcps37265,9,,off school grounds,outside school hours,worksite tour
Brenda,Ortiz,gcps86341,10,healthcare,off school grounds,outside school hours,worksite tour
Mariam,Cross,gcps20912,10,healthcare,off school grounds,outside school hours,worksite tour
Evangeline,Dawson,gcps90508,10,,off school grounds,outside school hours,worksite tour
Dacey,Simpson,gcps11997,9,,off school grounds,outside school hours,worksite tour
Myles,Barker,gcps60230,10,,off school grounds,outside school hours,worksite tour
Prescott,Dean,gcps51174,9,healthcare,off school grounds,outside school hours,worksite tour
Emma,Bean,gcps23211,10,healthcare,off school grounds,outside school hours,worksite tour
Cyrus,Fields,gcps29395,10,healthcare,off school grounds,outside school hours,worksite tour
Beck,Best,gcps93481,10,,off school grounds,outside school hours,worksite tour
Macy,Monroe,gcps23462,10,healthcare,off school grounds,outside school hours,worksite tour
Macy,Monroe,gcps23462,10,healthcare,off school grounds,outside school hours,worksite tour
Vivian,Wolfe,gcps18375,10,healthcare,off school grounds,outside school hours,worksite tour
Wayne,Garza,gcps87106,12,,off school grounds,outside school hours,worksite tour
Darius,Kent,gcps90142,12,healthcare,off school grounds,outside school hours,worksite tour
Remedios,Maldonado,gcps97177,11,healthcare,off school grounds,outside school hours,worksite tour
Kalia,Huffman,gcps89847,11,healthcare,off school grounds,outside school hours,worksite tour
Hayfa,Pruitt,gcps57507,12,healthcare,off school grounds,outside school hours,worksite tour
Jescie,Ruiz,gcps18974,9,healthcare,off school grounds,outside school hours,worksite tour
Ian,Glover,gcps39121,12,healthcare,off school grounds,outside school hours,worksite tour
Ciara,Branch,gcps13452,9,healthcare,off school grounds,outside school hours,worksite tour
Kevyn,Love,gcps95695,11,healthcare,off school grounds,outside school hours,worksite tour
Nehru,Johnston,gcps74777,12,healthcare,off school grounds,outside school hours,worksite tour
Macon,Hewitt,gcps43758,12,healthcare,off school grounds,outside school hours,resume review
Ralph,Moreno,gcps16281,10,,off school grounds,outside school hours,resume review
Ralph,Moreno,gcps16281,10,,off school grounds,outside school hours,resume review
Emerson,Bryan,gcps15436,9,healthcare,off school grounds,outside school hours,resume review
Lester,Yates,gcps75956,9,healthcare,off school grounds,outside school hours,resume review
Lester,Yates,gcps75956,9,healthcare,off school grounds,outside school hours,resume review
Kylee,Macdonald,gcps52280,12,healthcare,off school grounds,outside school hours,resume review
Kelsie,Weaver,gcps71876,12,healthcare,off school grounds,outside school hours,resume review
Vivien,Marsh,gcps11644,10,healthcare,off school grounds,outside school hours,resume review
Emma,Bean,gcps23211,10,healthcare,off school grounds,outside school hours,resume review
Kieran,Nunez,gcps73725,10,,off school grounds,outside school hours,resume review
Forrest,Gibson,gcps71193,12,,off school grounds,outside school hours,resume review
Forrest,Gibson,gcps71193,12,,off school grounds,outside school hours,resume review
Adria,Bridges,gcps34010,10,healthcare,off school grounds,outside school hours,resume review
Elton,Richards,gcps51034,12,,off school grounds,outside school hours,resume review
Harlan,Jensen,gcps37569,11,,off school grounds,outside school hours,resume review
Arden,Mcmahon,gcps92381,9,,off school grounds,outside school hours,resume review
Zia,Sandoval,gcps20059,9,,off school grounds,outside school hours,resume review
Pascale,Mills,gcps33151,11,healthcare,off school grounds,outside school hours,resume review
Roary,Conway,gcps41971,11,healthcare,off school grounds,outside school hours,resume review
Fredericka,Bridges,gcps60287,11,healthcare,off school grounds,outside school hours,resume review
Mannix,Shannon,gcps78292,12,healthcare,off school grounds,outside school hours,resume review
Hayley,Morrow,gcps41724,11,healthcare,off school grounds,outside school hours,resume review
Hayley,Morrow,gcps41724,11,healthcare,off school grounds,outside school hours,resume review
Hayley,Morrow,gcps41724,11,healthcare,off school grounds,outside school hours,resume review
Blake,Orr,gcps10967,12,healthcare,off school grounds,outside school hours,resume review
Chelsea,Branch,gcps62871,11,healthcare,off school grounds,outside school hours,resume review
Quynn,Lawrence,gcps88844,11,healthcare,off school grounds,outside school hours,resume review
Brynn,Rush,gcps13648,12,healthcare,off school grounds,outside school hours,resume review
Bo,Whitaker,gcps98156,11,healthcare,off school grounds,outside school hours,resume review
Francis,Olson,gcps85794,11,healthcare,off school grounds,outside school hours,resume review
Fulton,Bennett,gcps30466,11,healthcare,off school grounds,outside school hours,resume review
Regina,Barnett,gcps14670,9,,off school grounds,outside school hours,resume review
Aspen,Spence,gcps56422,9,healthcare,off school grounds,outside school hours,resume review
Stewart,Walker,gcps96036,12,,off school grounds,outside school hours,resume review
Celeste,Mooney,gcps77450,9,healthcare,off school grounds,outside school hours,resume review
Felix,Perkins,nps41126,9,manufacturing,on school grounds,outside school hours,mock interview
Felix,Perkins,nps41126,9,manufacturing,on school grounds,outside school hours,mock interview
Erasmus,Drake,nps25531,9,manufacturing,on school grounds,outside school hours,mock interview
Haviva,Drake,nps44405,10,,on school grounds,outside school hours,mock interview
Maggy,Sellers,nps91924,10,manufacturing,on school grounds,outside school hours,mock interview
Sonya,Williams,nps53919,11,,on school grounds,outside school hours,mock interview
Tashya,Newman,nps56623,10,manufacturing,on school grounds,outside school hours,mock interview
Maia,Eaton,nps36761,12,manufacturing,on school grounds,outside school hours,mock interview
Rylee,Weeks,nps84264,12,manufacturing,on school grounds,outside school hours,mock interview
Aimee,Joyce,nps10752,10,manufacturing,on school grounds,outside school hours,mock interview
Philip,Delaney,nps42544,12,manufacturing,on school grounds,outside school hours,mock interview
Tatiana,Kent,nps99672,9,manufacturing,on school grounds,outside school hours,mock interview
Benjamin,Vang,nps95669,9,manufacturing,on school grounds,outside school hours,mock interview
Benjamin,Vang,nps95669,9,manufacturing,on school grounds,outside school hours,mock interview
Lev,Goff,nps14651,11,manufacturing,on school grounds,outside school hours,mock interview
Germaine,Hartman,nps35991,12,manufacturing,on school grounds,outside school hours,mock interview
Amaya,Williamson,nps35945,10,,on school grounds,outside school hours,mock interview
Ashton,George,nps22402,12,,on school grounds,outside school hours,mock interview
Salvador,Cash,nps92574,9,manufacturing,on school grounds,outside school hours,mock interview
Evan,Mcleod,nps89159,9,,on school grounds,outside school hours,mock interview
Evan,Mcleod,nps89159,9,,on school grounds,outside school hours,mock interview
Buckminster,Benjamin,nps53504,10,manufacturing,on school grounds,outside school hours,mock interview
Hilel,Fernandez,nps94132,9,manufacturing,on school grounds,outside school hours,mock interview
Jennifer,Ortiz,nps32056,11,manufacturing,on school grounds,outside school hours,mock interview
Jennifer,Ortiz,nps32056,11,manufacturing,on school grounds,outside school hours,mock interview
Belle,Gomez,nps28854,12,,on school grounds,outside school hours,mock interview
Jarrod,Austin,nps69828,11,,on school grounds,outside school hours,mock interview
Paul,Durham,nps14364,11,manufacturing,on school grounds,outside school hours,mock interview
Shad,Russo,nps80232,10,,on school grounds,outside school hours,mock interview
Clementine,Flowers,nps93449,9,manufacturing,on school grounds,outside school hours,mock interview
Pearl,Clay,nps44420,10,manufacturing,on school grounds,outside school hours,mock interview
Hollee,Vargas,nps41326,12,manufacturing,on school grounds,outside school hours,mock interview
Felix,Perkins,nps41126,9,manufacturing,off school grounds,outside school hours,resume review
Rafael,Pugh,nps27211,9,,off school grounds,outside school hours,resume review
Knox,Lee,nps58880,10,manufacturing,off school grounds,outside school hours,resume review
Jaquelyn,Kim,nps55707,12,,off school grounds,outside school hours,resume review
Ebony,Watts,nps67547,12,manufacturing,off school grounds,outside school hours,resume review
Yoshio,Donaldson,nps52019,12,manufacturing,off school grounds,outside school hours,resume review
Caryn,Mann,nps67891,11,,off school grounds,outside school hours,resume review
Brady,Conway,nps73513,9,manufacturing,off school grounds,outside school hours,resume review
Justine,Mcdaniel,nps48947,10,,off school grounds,outside school hours,resume review
Perry,Cobb,nps34855,9,manufacturing,off school grounds,outside school hours,resume review
Tanisha,Weber,nps16208,12,,off school grounds,outside school hours,resume review
Tashya,Newman,nps56623,10,manufacturing,off school grounds,outside school hours,resume review
Colette,Hoffman,nps86894,9,,off school grounds,outside school hours,resume review
Jaden,Hyde,nps82080,11,manufacturing,off school grounds,outside school hours,resume review
Tucker,Schroeder,nps43032,10,,off school grounds,outside school hours,resume review
Tyler,Phelps,nps50976,11,,off school grounds,outside school hours,resume review
Morgan,Whitney,nps88554,10,manufacturing,off school grounds,outside school hours,resume review
Belle,Gomez,nps28854,12,,off school grounds,outside school hours,resume review
Belle,Gomez,nps28854,12,,off school grounds,outside school hours,resume review
Sebastian,Rodriguez,nps22718,12,,off school grounds,outside school hours,resume review
Sebastian,Rodriguez,nps22718,12,,off school grounds,outside school hours,resume review
Serena,Sloan,nps43518,12,manufacturing,off school grounds,outside school hours,resume review
Tobias,Hunter,nps32512,9,manufacturing,off school grounds,outside school hours,resume review
Avye,Dunn,nps29338,9,manufacturing,off school grounds,outside school hours,resume review
Quamar,Gordon,nps58728,9,,off school grounds,outside school hours,resume review
Camille,Franklin,nps18093,11,manufacturing,off school grounds,outside school hours,resume review
Jade,Heath,nps40588,12,manufacturing,off school grounds,outside school hours,resume review
Libby,Fox,nps36706,10,manufacturing,off school grounds,outside school hours,resume review
Pearl,Clay,nps44420,10,manufacturing,off school grounds,outside school hours,resume review
Felix,Perkins,nps41126,9,manufacturing,on school grounds,outside school hours,resume review
Barrett,Walters,nps30149,12,manufacturing,on school grounds,outside school hours,resume review
Ebony,Watts,nps67547,12,manufacturing,on school grounds,outside school hours,resume review
Yeo,Sargent,nps15954,9,,on school grounds,outside school hours,resume review
Vance,Mcfadden,nps77886,10,,on school grounds,outside school hours,resume review
Donna,Barker,nps75019,11,manufacturing,on school grounds,outside school hours,resume review
Winter,Carter,nps52077,11,manufacturing,on school grounds,outside school hours,resume review
Angela,Rodriguez,nps65912,12,manufacturing,on school grounds,outside school hours,resume review
Diana,Nelson,nps36209,11,manufacturing,on school grounds,outside school hours,resume review
Doris,Horton,nps36386,11,,on school grounds,outside school hours,resume review
Colette,Hoffman,nps86894,9,,on school grounds,outside school hours,resume review
Chancellor,Booth,nps18529,10,manufacturing,on school grounds,outside school hours,resume review
Jacob,Ray,nps35662,9,,on school grounds,outside school hours,resume review
Octavia,Ewing,nps47988,12,,on school grounds,outside school hours,resume review
Violet,David,nps86774,9,manufacturing,on school grounds,outside school hours,resume review
Violet,David,nps86774,9,manufacturing,on school grounds,outside school hours,resume review
Kelly,Carroll,nps13386,12,manufacturing,on school grounds,outside school hours,resume review
Morgan,Whitney,nps88554,10,manufacturing,on school grounds,outside school hours,resume review
Evan,Mcleod,nps89159,9,,on school grounds,outside school hours,resume review
Chadwick,Love,nps94017,9,manufacturing,on school grounds,outside school hours,resume review
Levi,Ramos,nps82128,9,manufacturing,on school grounds,outside school hours,resume review
Michelle,Cobb,nps13607,10,manufacturing,on school grounds,outside school hours,resume review
Harrison,Warner,nps21995,12,manufacturing,on school grounds,outside school hours,resume review
Harrison,Warner,nps21995,12,manufacturing,on school grounds,outside school hours,resume review
Eaton,Ashley,nps78751,12,manufacturing,on school grounds,outside school hours,resume review
Aiko,Reeves,nps97306,11,,on school grounds,outside school hours,resume review
Aiko,Reeves,nps97306,11,,on school grounds,outside school hours,resume review
Camden,Lyons,nps12693,12,manufacturing,on school grounds,outside school hours,resume review
Sara,Garrison,gcps66859,10,,on school grounds,during school hours,mock interview
Yvette,Vincent,gcps80954,10,,on school grounds,during school hours,mock interview
Rahim,Ayala,gcps74211,9,,on school grounds,during school hours,mock interview
Garrett,Hays,gcps36604,12,healthcare,on school grounds,during school hours,mock interview
Dacey,Simpson,gcps11997,9,,on school grounds,during school hours,mock interview
Shelley,Alston,gcps61645,12,healthcare,on school grounds,during school hours,mock interview
Mannix,Russell,gcps43188,12,healthcare,on school grounds,during school hours,mock interview
Lacey,Romero,gcps95784,10,,on school grounds,during school hours,mock interview
Coby,Pitts,gcps84530,12,,on school grounds,during school hours,mock interview
Athena,Waters,gcps40154,9,healthcare,on school grounds,during school hours,mock interview
Beck,Best,gcps93481,10,,on school grounds,during school hours,mock interview
Kenyon,Vaughn,gcps57637,9,,on school grounds,during school hours,mock interview
Macy,Monroe,gcps23462,10,healthcare,on school grounds,during school hours,mock interview
Adria,Bridges,gcps34010,10,healthcare,on school grounds,during school hours,mock interview
Lysandra,Mcpherson,gcps28777,9,,on school grounds,during school hours,mock interview
Kylynn,Thomas,gcps80305,10,healthcare,on school grounds,during school hours,mock interview
Karen,Simon,gcps37481,12,healthcare,on school grounds,during school hours,mock interview
Karen,Simon,gcps37481,12,healthcare,on school grounds,during school hours,mock interview
Brittany,Crawford,gcps80822,12,healthcare,on school grounds,during school hours,mock interview
Hayfa,Pruitt,gcps57507,12,healthcare,on school grounds,during school hours,mock interview
Carson,York,gcps22030,11,healthcare,on school grounds,during school hours,mock interview
Jescie,Ruiz,gcps18974,9,healthcare,on school grounds,during school hours,mock interview
Nyssa,Hardin,gcps37040,11,healthcare,on school grounds,during school hours,mock interview
Lynn,Whitley,gcps30497,12,,on school grounds,during school hours,mock interview
Lucius,Mccullough,gcps35411,12,,on school grounds,during school hours,mock interview
Bo,Whitaker,gcps98156,11,healthcare,on school grounds,during school hours,mock interview
Ebony,Garrison,gcps78598,10,healthcare,off school grounds,outside school hours,guest speaker
Leandra,Mcleod,gcps88317,9,,off school grounds,outside school hours,guest speaker
Hadley,Hardin,gcps90369,12,healthcare,off school grounds,outside school hours,guest speaker
Cherokee,Justice,gcps10266,10,,off school grounds,outside school hours,guest speaker
Ralph,Moreno,gcps16281,10,,off school grounds,outside school hours,guest speaker
Alec,Haney,gcps89497,12,,off school grounds,outside school hours,guest speaker
Lacota,Talley,gcps23373,12,healthcare,off school grounds,outside school hours,guest speaker
Lacota,Talley,gcps23373,12,healthcare,off school grounds,outside school hours,guest speaker
Mariko,Bauer,gcps64904,12,healthcare,off school grounds,outside school hours,guest speaker
Vielka,Summers,gcps26337,12,healthcare,off school grounds,outside school hours,guest speaker
August,Hensley,gcps56985,9,healthcare,off school grounds,outside school hours,guest speaker
Ezekiel,Briggs,gcps45605,10,,off school grounds,outside school hours,guest speaker
Bo,Rich,gcps65808,9,healthcare,off school grounds,outside school hours,guest speaker
Lysandra,Cline,gcps28438,12,,off school grounds,outside school hours,guest speaker
Francis,Payne,gcps92682,10,,off school grounds,outside school hours,guest speaker
Beck,Best,gcps93481,10,,off school grounds,outside school hours,guest speaker
Kenyon,Vaughn,gcps57637,9,,off school grounds,outside school hours,guest speaker
Lysandra,Mcpherson,gcps28777,9,,off school grounds,outside school hours,guest speaker
Sade,Snyder,gcps43716,12,healthcare,off school grounds,outside school hours,guest speaker
Ulla,Burch,gcps10468,10,healthcare,off school grounds,outside school hours,guest speaker
Georgia,Howe,gcps51260,9,healthcare,off school grounds,outside school hours,guest speaker
Amelia,Dorsey,gcps52174,11,healthcare,off school grounds,outside school hours,guest speaker
Harlan,Jensen,gcps37569,11,,off school grounds,outside school hours,guest speaker
Arden,Mcmahon,gcps92381,9,,off school grounds,outside school hours,guest speaker
Remedios,Maldonado,gcps97177,11,healthcare,off school grounds,outside school hours,guest speaker
Sandra,Beach,gcps80983,12,,off school grounds,outside school hours,guest speaker
Julie,Roman,gcps62353,9,healthcare,off school grounds,outside school hours,guest speaker
Petra,Sykes,gcps27213,11,healthcare,off school grounds,outside school hours,guest speaker
Jescie,Ruiz,gcps18974,9,healthcare,off school grounds,outside school hours,guest speaker
Aristotle,Finch,gcps23622,11,healthcare,off school grounds,outside school hours,guest speaker
Fulton,Fuentes,gcps80860,12,,off school grounds,outside school hours,guest speaker
Xena,Burns,gcps83742,12,healthcare,off school grounds,outside school hours,guest speaker
Frances,Cameron,gcps46456,12,healthcare,off school grounds,outside school hours,guest speaker
Gavin,Huber,gcps95412,9,,off school grounds,outside school hours,guest speaker
Uriah,Hunter,gcps98557,12,healthcare,off school grounds,outside school hours,guest speaker
Roth,Bridges,gcps85783,11,,off school grounds,outside school hours,guest speaker
Rhoda,Miller,gcps71394,9,healthcare,off school grounds,outside school hours,guest speaker
Ramona,Cherry,gcps27834,12,,off school grounds,outside school hours,guest speaker
Karleigh,Byers,gcps49104,9,healthcare,off school grounds,outside school hours,guest speaker
Celeste,Mooney,gcps77450,9,healthcare,off school grounds,outside school hours,guest speaker
Gregory,Hall,nps99154,10,manufacturing,on school grounds,during school hours,resume review
Halee,Case,nps49875,9,manufacturing,on school grounds,during school hours,resume review
Dana,Cortez,nps30648,12,,on school grounds,during school hours,resume review
Aphrodite,Gonzalez,nps29400,11,manufacturing,on school grounds,during school hours,resume review
Mannix,Ray,nps22521,10,manufacturing,on school grounds,during school hours,resume review
Steven,Hicks,nps39269,12,manufacturing,on school grounds,during school hours,resume review
Steven,Hicks,nps39269,12,manufacturing,on school grounds,during school hours,resume review
Justine,Mcdaniel,nps48947,10,,on school grounds,during school hours,resume review
Baker,Morris,nps26764,9,manufacturing,on school grounds,during school hours,resume review
Tanisha,Weber,nps16208,12,,on school grounds,during school hours,resume review
Connor,Lane,nps46140,12,manufacturing,on school grounds,during school hours,resume review
Angelica,Day,nps97887,9,manufacturing,on school grounds,during school hours,resume review
Carl,Bryant,nps28596,9,manufacturing,on school grounds,during school hours,resume review
Isabelle,Glass,nps37060,10,,on school grounds,during school hours,resume review
Ezekiel,Rutledge,nps67292,10,manufacturing,on school grounds,during school hours,resume review
Tucker,Schroeder,nps43032,10,,on school grounds,during school hours,resume review
Whilemina,Quinn,nps68766,10,manufacturing,on school grounds,during school hours,resume review
Amaya,Williamson,nps35945,10,,on school grounds,during school hours,resume review
Todd,Hood,nps34585,12,manufacturing,on school grounds,during school hours,resume review
Jermaine,Vasquez,nps11294,9,manufacturing,on school grounds,during school hours,resume review
Ivor,Bradshaw,nps16604,11,manufacturing,on school grounds,during school hours,resume review
Burton,Leon,nps92963,12,manufacturing,on school grounds,during school hours,resume review
Zahir,Gilliam,nps95868,12,manufacturing,on school grounds,during school hours,resume review
Michael,Fuller,nps54879,10,manufacturing,on school grounds,during school hours,resume review
Constance,Haley,nps76920,9,,on school grounds,during school hours,resume review
Wynter,Poole,nps88800,10,manufacturing,on school grounds,during school hours,resume review
Gregory,Hall,nps99154,10,manufacturing,off school grounds,during school hours,resume review
Keane,Rowland,nps67375,10,,off school grounds,during school hours,resume review
Ebony,Watts,nps67547,12,manufacturing,off school grounds,during school hours,resume review
Hasad,Salazar,nps34894,11,,off school grounds,during school hours,resume review
Melodie,Charles,nps12615,12,manufacturing,off school grounds,during school hours,resume review
Kaitlin,Savage,nps60311,9,manufacturing,off school grounds,during school hours,resume review
Brady,Conway,nps73513,9,manufacturing,off school grounds,during school hours,resume review
Clinton,Riddle,nps66651,10,,off school grounds,during school hours,resume review
Melinda,Vega,nps77737,12,,off school grounds,during school hours,resume review
Alyssa,Gilliam,nps15966,11,manufacturing,off school grounds,during school hours,resume review
Philip,Delaney,nps42544,12,manufacturing,off school grounds,during school hours,resume review
Micah,Snider,nps24143,10,manufacturing,off school grounds,during school hours,resume review
Jaden,Hyde,nps82080,11,manufacturing,off school grounds,during school hours,resume review
Benjamin,Vang,nps95669,9,manufacturing,off school grounds,during school hours,resume review
Adele,Washington,nps44762,9,,off school grounds,during school hours,resume review
Jermaine,Vasquez,nps11294,9,manufacturing,off school grounds,during school hours,resume review
Ashton,George,nps22402,12,,off school grounds,during school hours,resume review
Christian,Allison,nps22205,9,manufacturing,off school grounds,during school hours,resume review
Christian,Allison,nps22205,9,manufacturing,off school grounds,during school hours,resume review
Kelly,Carroll,nps13386,12,manufacturing,off school grounds,during school hours,resume review
Belle,Gomez,nps28854,12,,off school grounds,during school hours,resume review
Aline,Holmes,nps25758,12,manufacturing,off school grounds,during school hours,resume review
Leroy,Hahn,nps88851,9,manufacturing,off school grounds,during school hours,resume review
Tate,Vega,nps41001,10,manufacturing,off school grounds,during school hours,resume review
Brock,Garner,nps97674,10,manufacturing,off school grounds,during school hours,resume review
Brock,Garner,nps97674,10,manufacturing,off school grounds,during school hours,resume review
Garrison,Hurst,nps51648,11,,off school grounds,during school hours,resume review
Jeanette,Fitzpatrick,nps62863,9,manufacturing,off school grounds,during school hours,resume review
Ivan,Owens,nps15635,11,manufacturing,off school grounds,during school hours,resume review
Wynter,Poole,nps88800,10,manufacturing,off school grounds,during school hours,resume review
Samuel,Leonard,nps65947,12,manufacturing,off school grounds,during school hours,resume review
Gregory,Hall,nps99154,10,manufacturing,off school grounds,during school hours,resume review
Halee,Case,nps49875,9,manufacturing,off school grounds,during school hours,resume review
Cody,Edwards,nps34160,11,manufacturing,off school grounds,during school hours,resume review
Courtney,Mason,nps46473,11,,off school grounds,during school hours,resume review
Keane,Rowland,nps67375,10,,off school grounds,during school hours,resume review
Melodie,Charles,nps12615,12,manufacturing,off school grounds,during school hours,resume review
Sean,Morgan,nps63687,10,manufacturing,off school grounds,during school hours,resume review
Joel,Conley,nps68780,12,manufacturing,off school grounds,during school hours,resume review
Kristen,Horn,nps73590,12,manufacturing,off school grounds,during school hours,resume review
Mannix,Ray,nps22521,10,manufacturing,off school grounds,during school hours,resume review
Melinda,Vega,nps77737,12,,off school grounds,during school hours,resume review
Tashya,Newman,nps56623,10,manufacturing,off school grounds,during school hours,resume review
Omar,Burch,nps69267,9,manufacturing,off school grounds,during school hours,resume review
Bevis,Waters,nps51062,12,manufacturing,off school grounds,during school hours,resume review
Tucker,Schroeder,nps43032,10,,off school grounds,during school hours,resume review
Benjamin,Vang,nps95669,9,manufacturing,off school grounds,during school hours,resume review
Salvador,Hunt,nps71256,11,,off school grounds,during school hours,resume review
Amaya,Williamson,nps35945,10,,off school grounds,during school hours,resume review
Rose,Crosby,nps49330,12,manufacturing,off school grounds,during school hours,resume review
Irma,Forbes,nps60418,12,manufacturing,off school grounds,during school hours,resume review
Christian,Allison,nps22205,9,manufacturing,off school grounds,during school hours,resume review
Morgan,Whitney,nps88554,10,manufacturing,off school grounds,during school hours,resume review
Nevada,Berger,nps52205,10,manufacturing,off school grounds,during school hours,resume review
Nadine,Fletcher,nps42481,9,manufacturing,off school grounds,during school hours,resume review
Leroy,Hahn,nps88851,9,manufacturing,off school grounds,during school hours,resume review
Kaseem,Sloan,nps75709,12,,off school grounds,during school hours,resume review
Brock,Garner,nps97674,10,manufacturing,off school grounds,during school hours,resume review
Jeanette,Fitzpatrick,nps62863,9,manufacturing,off school grounds,during school hours,resume review
Mallory,Fuller,nps28107,9,manufacturing,off school grounds,during school hours,resume review
Adrienne,Huff,nps80671,9,manufacturing,off school grounds,during school hours,resume review
Emmanuel,Ballard,nps37139,10,manufacturing,off school grounds,during school hours,resume review
Nichole,Cantrell,nps56352,11,manufacturing,off school grounds,during school hours,resume review
Clementine,Flowers,nps93449,9,manufacturing,off school grounds,during school hours,resume review
Owen,Holcomb,nps85130,12,manufacturing,off school grounds,during school hours,resume review
Cecilia,Swanson,nps72049,11,,off school grounds,during school hours,resume review
Tyrone,Dejesus,nps26429,10,,off school grounds,during school hours,resume review
Daquan,Murphy,nps10490,9,manufacturing,off school grounds,during school hours,resume review
Halee,Case,nps49875,9,manufacturing,on school grounds,outside school hours,mock interview
Barrett,Walters,nps30149,12,manufacturing,on school grounds,outside school hours,mock interview
Courtney,Mason,nps46473,11,,on school grounds,outside school hours,mock interview
Jaquelyn,Kim,nps55707,12,,on school grounds,outside school hours,mock interview
Roary,Castaneda,nps46946,9,manufacturing,on school grounds,outside school hours,mock interview
Ivan,Wood,nps13927,9,manufacturing,on school grounds,outside school hours,mock interview
Devin,Dominguez,nps24852,11,,on school grounds,outside school hours,mock interview
Mariam,Maynard,nps16614,12,manufacturing,on school grounds,outside school hours,mock interview
Helen,Foster,nps42921,11,,on school grounds,outside school hours,mock interview
Angelica,Day,nps97887,9,manufacturing,on school grounds,outside school hours,mock interview
Angelica,Day,nps97887,9,manufacturing,on school grounds,outside school hours,mock interview
Carl,Bryant,nps28596,9,manufacturing,on school grounds,outside school hours,mock interview
Kylie,Cote,nps97934,12,manufacturing,on school grounds,outside school hours,mock interview
Kaye,Irwin,nps83584,11,manufacturing,on school grounds,outside school hours,mock interview
Priscilla,Elliott,nps53247,12,manufacturing,on school grounds,outside school hours,mock interview
Tucker,Schroeder,nps43032,10,,on school grounds,outside school hours,mock interview
Brian,Spears,nps12817,11,,on school grounds,outside school hours,mock interview
Adele,Washington,nps44762,9,,on school grounds,outside school hours,mock interview
Unity,Harrell,nps74594,10,manufacturing,on school grounds,outside school hours,mock interview
Jermaine,Vasquez,nps11294,9,manufacturing,on school grounds,outside school hours,mock interview
Allegra,Romero,nps87498,9,,on school grounds,outside school hours,mock interview
Cyrus,Cunningham,nps28200,11,manufacturing,on school grounds,outside school hours,mock interview
Buckminster,Benjamin,nps53504,10,manufacturing,on school grounds,outside school hours,mock interview
Buckminster,Benjamin,nps53504,10,manufacturing,on school grounds,outside school hours,mock interview
Michael,Fuller,nps54879,10,manufacturing,on school grounds,outside school hours,mock interview
Avye,Dunn,nps29338,9,manufacturing,on school grounds,outside school hours,mock interview
Avye,Dunn,nps29338,9,manufacturing,on school grounds,outside school hours,mock interview
Rigel,Pope,nps60732,12,,on school grounds,outside school hours,mock interview
George,Mills,nps94362,11,,on school grounds,outside school hours,mock interview
Cadman,Reilly,nps39332,10,manufacturing,on school grounds,outside school hours,mock interview
Anthony,Yang,nps18976,11,,on school grounds,outside school hours,mock interview
Quamar,Gordon,nps58728,9,,on school grounds,outside school hours,mock interview
Hakeem,Sanchez,nps27404,11,,on school grounds,outside school hours,mock interview
Drew,Vincent,nps77947,10,manufacturing,on school grounds,outside school hours,mock interview
Daquan,Murphy,nps10490,9,manufacturing,on school grounds,outside school hours,mock interview
Camden,Lyons,nps12693,12,manufacturing,on school grounds,outside school hours,mock interview
Halee,Case,nps49875,9,manufacturing,off school grounds,during school hours,skills workshop
Brittany,Webb,nps54203,12,manufacturing,off school grounds,during school hours,skills workshop
Steel,Cameron,nps76226,10,,off school grounds,during school hours,skills workshop
Gil,Shepard,nps19290,12,,off school grounds,during school hours,skills workshop
Knox,Lee,nps58880,10,manufacturing,off school grounds,during school hours,skills workshop
Jordan,Daniel,nps74845,12,manufacturing,off school grounds,during school hours,skills workshop
Kaitlin,Savage,nps60311,9,manufacturing,off school grounds,during school hours,skills workshop
Connor,Lane,nps46140,12,manufacturing,off school grounds,during school hours,skills workshop
Macaulay,Dodson,nps62321,12,manufacturing,off school grounds,during school hours,skills workshop
Reece,Mccoy,nps13542,10,,off school grounds,during school hours,skills workshop
Fredericka,Valenzuela,nps33323,11,manufacturing,off school grounds,during school hours,skills workshop
Kaye,Irwin,nps83584,11,manufacturing,off school grounds,during school hours,skills workshop
Chancellor,Booth,nps18529,10,manufacturing,off school grounds,during school hours,skills workshop
Piper,Wallace,nps60958,9,,off school grounds,during school hours,skills workshop
Tanner,Heath,nps81410,12,manufacturing,off school grounds,during school hours,skills workshop
Walker,Winters,nps69388,9,manufacturing,off school grounds,during school hours,skills workshop
Rose,Crosby,nps49330,12,manufacturing,off school grounds,during school hours,skills workshop
Kelsey,Jenkins,nps88187,12,,off school grounds,during school hours,skills workshop
Evan,Mcleod,nps89159,9,,off school grounds,during school hours,skills workshop
Kameko,Guerrero,nps98273,11,,off school grounds,during school hours,skills workshop
Tobias,Hunter,nps32512,9,manufacturing,off school grounds,during school hours,skills workshop
Aphrodite,Haynes,nps80549,9,,off school grounds,during school hours,skills workshop
Dante,Rivas,nps63999,12,,off school grounds,during school hours,skills workshop
Colette,Davenport,nps27738,12,manufacturing,off school grounds,during school hours,skills workshop
Libby,Fox,nps36706,10,manufacturing,off school grounds,during school hours,skills workshop
Nadine,Murphy,nps58675,11,manufacturing,off school grounds,during school hours,skills workshop
Constance,Guy,nps33426,10,manufacturing,off school grounds,during school hours,skills workshop
Hollee,Vargas,nps41326,12,manufacturing,off school grounds,during school hours,skills workshop
Halee,Case,nps49875,9,manufacturing,off school grounds,during school hours,resume review
Barrett,Walters,nps30149,12,manufacturing,off school grounds,during school hours,resume review
Porter,Macias,nps43408,9,,off school grounds,during school hours,resume review
Kylan,Nielsen,nps69611,9,,off school grounds,during school hours,resume review
Brenna,Shaw,nps55597,10,manufacturing,off school grounds,during school hours,resume review
Wendy,Bowers,nps52346,10,manufacturing,off school grounds,during school hours,resume review
Melinda,Vega,nps77737,12,,off school grounds,during school hours,resume review
Kamal,Foreman,nps33584,12,manufacturing,off school grounds,during school hours,resume review
Devin,Dominguez,nps24852,11,,off school grounds,during school hours,resume review
Vera,Gates,nps87172,11,manufacturing,off school grounds,during school hours,resume review
Maia,Eaton,nps36761,12,manufacturing,off school grounds,during school hours,resume review
Aimee,Joyce,nps10752,10,manufacturing,off school grounds,during school hours,resume review
Willow,Workman,nps91078,10,manufacturing,off school grounds,during school hours,resume review
Chancellor,Booth,nps18529,10,manufacturing,off school grounds,during school hours,resume review
Tanner,Heath,nps81410,12,manufacturing,off school grounds,during school hours,resume review
Rose,Crosby,nps49330,12,manufacturing,off school grounds,during school hours,resume review
Allegra,Romero,nps87498,9,,off school grounds,during school hours,resume review
Ivor,Bradshaw,nps16604,11,manufacturing,off school grounds,during school hours,resume review
Ivor,Bradshaw,nps16604,11,manufacturing,off school grounds,during school hours,resume review
Caleb,Levine,nps64375,12,manufacturing,off school grounds,during school hours,resume review
Maile,Herring,nps71217,11,manufacturing,off school grounds,during school hours,resume review
Aline,Holmes,nps25758,12,manufacturing,off school grounds,during school hours,resume review
Ifeoma,Tyson,nps18882,9,,off school grounds,during school hours,resume review
Florence,Mann,nps19379,9,manufacturing,off school grounds,during school hours,resume review
Jael,Lott,nps74942,11,manufacturing,off school grounds,during school hours,resume review
Tyrone,Dejesus,nps26429,10,,off school grounds,during school hours,resume review
Libby,Fox,nps36706,10,manufacturing,off school grounds,during school hours,resume review
Halee,Case,nps49875,9,manufacturing,off school grounds,outside school hours,skills workshop
Gil,Shepard,nps19290,12,,off school grounds,outside school hours,skills workshop
Hasad,Salazar,nps34894,11,,off school grounds,outside school hours,skills workshop
Yeo,Sargent,nps15954,9,,off school grounds,outside school hours,skills workshop
Donna,Barker,nps75019,11,manufacturing,off school grounds,outside school hours,skills workshop
Alyssa,Gilliam,nps15966,11,manufacturing,off school grounds,outside school hours,skills workshop
Baker,Morris,nps26764,9,manufacturing,off school grounds,outside school hours,skills workshop
Benjamin,Vang,nps95669,9,manufacturing,off school grounds,outside school hours,skills workshop
Doris,Livingston,nps56925,12,,off school grounds,outside school hours,skills workshop
Ashton,George,nps22402,12,,off school grounds,outside school hours,skills workshop
Salvador,Cash,nps92574,9,manufacturing,off school grounds,outside school hours,skills workshop
Athena,Rice,nps24079,11,manufacturing,off school grounds,outside school hours,skills workshop
Belle,Gomez,nps28854,12,,off school grounds,outside school hours,skills workshop
Sebastian,Rodriguez,nps22718,12,,off school grounds,outside school hours,skills workshop
Levi,Ramos,nps82128,9,manufacturing,off school grounds,outside school hours,skills workshop
Levi,Ramos,nps82128,9,manufacturing,off school grounds,outside school hours,skills workshop
Lester,Johnson,nps30828,10,manufacturing,off school grounds,outside school hours,skills workshop
Michelle,Cobb,nps13607,10,manufacturing,off school grounds,outside school hours,skills workshop
Jeanette,Fitzpatrick,nps62863,9,manufacturing,off school grounds,outside school hours,skills workshop
George,Mills,nps94362,11,,off school grounds,outside school hours,skills workshop
Harding,Bond,nps64478,10,manufacturing,off school grounds,outside school hours,skills workshop
Colette,Davenport,nps27738,12,manufacturing,off school grounds,outside school hours,skills workshop
Owen,Holcomb,nps85130,12,manufacturing,off school grounds,outside school hours,skills workshop
Florence,Mann,nps19379,9,manufacturing,off school grounds,outside school hours,skills workshop
Jael,Lott,nps74942,11,manufacturing,off school grounds,outside school hours,skills workshop
Tyrone,Dejesus,nps26429,10,,off school grounds,outside school hours,skills workshop
Charity,Mcdonald,nps44802,12,manufacturing,off school grounds,outside school hours,skills workshop
Zane,Pearson,nps67799,11,manufacturing,off school grounds,outside school hours,skills workshop
Nadine,Murphy,nps58675,11,manufacturing,off school grounds,outside school hours,skills workshop
Driscoll,Pennington,nps94683,11,manufacturing,off school grounds,outside school hours,skills workshop
Brittany,Webb,nps54203,12,manufacturing,on school grounds,during school hours,resume review
Barrett,Walters,nps30149,12,manufacturing,on school grounds,during school hours,resume review
Joel,Conley,nps68780,12,manufacturing,on school grounds,during school hours,resume review
Dylan,Norris,nps45906,11,manufacturing,on school grounds,during school hours,resume review
Sonya,Williams,nps53919,11,,on school grounds,during school hours,resume review
Aiko,Hicks,nps93889,10,,on school grounds,during school hours,resume review
Tanisha,Weber,nps16208,12,,on school grounds,during school hours,resume review
Carl,Bryant,nps28596,9,manufacturing,on school grounds,during school hours,resume review
Kylie,Cote,nps97934,12,manufacturing,on school grounds,during school hours,resume review
Micah,Snider,nps24143,10,manufacturing,on school grounds,during school hours,resume review
Brian,Spears,nps12817,11,,on school grounds,during school hours,resume review
Gavin,Holcomb,nps44262,10,,on school grounds,during school hours,resume review
Lev,Goff,nps14651,11,manufacturing,on school grounds,during school hours,resume review
Ivor,Bradshaw,nps16604,11,manufacturing,on school grounds,during school hours,resume review
Knox,Whitney,nps75052,9,manufacturing,on school grounds,during school hours,resume review
Hilel,Fernandez,nps94132,9,manufacturing,on school grounds,during school hours,resume review
Aline,Holmes,nps25758,12,manufacturing,on school grounds,during school hours,resume review
Zahir,Gilliam,nps95868,12,manufacturing,on school grounds,during school hours,resume review
Tucker,Gaines,nps57243,9,,on school grounds,during school hours,resume review
Avye,Dunn,nps29338,9,manufacturing,on school grounds,during school hours,resume review
Brock,Garner,nps97674,10,manufacturing,on school grounds,during school hours,resume review
Perry,Chambers,nps85842,12,manufacturing,on school grounds,during school hours,resume review
Claire,Saunders,nps55584,9,,on school grounds,during school hours,resume review
Harrison,Warner,nps21995,12,manufacturing,on school grounds,during school hours,resume review
Shad,Russo,nps80232,10,,on school grounds,during school hours,resume review
Clementine,Flowers,nps93449,9,manufacturing,on school grounds,during school hours,resume review
Camille,Franklin,nps18093,11,manufacturing,on school grounds,during school hours,resume review
Eaton,Ashley,nps78751,12,manufacturing,on school grounds,during school hours,resume review
Charity,Mcdonald,nps44802,12,manufacturing,on school grounds,during school hours,resume review
Zane,Pearson,nps67799,11,manufacturing,on school grounds,during school hours,resume review
Brittany,Webb,nps54203,12,manufacturing,off school grounds,outside school hours,resume review
Ebony,Watts,nps67547,12,manufacturing,off school grounds,outside school hours,resume review
Rae,Aguirre,nps20698,11,manufacturing,off school grounds,outside school hours,resume review
Kaitlin,Savage,nps60311,9,manufacturing,off school grounds,outside school hours,resume review
Winter,Carter,nps52077,11,manufacturing,off school grounds,outside school hours,resume review
Anne,Douglas,nps86345,9,,off school grounds,outside school hours,resume review
Connor,Lane,nps46140,12,manufacturing,off school grounds,outside school hours,resume review
Colette,Hoffman,nps86894,9,,off school grounds,outside school hours,resume review
Lars,Schultz,nps89744,10,,off school grounds,outside school hours,resume review
Fredericka,Valenzuela,nps33323,11,manufacturing,off school grounds,outside school hours,resume review
Bevis,Waters,nps51062,12,manufacturing,off school grounds,outside school hours,resume review
Salvador,Barrett,nps73192,11,,off school grounds,outside school hours,resume review
Benjamin,Vang,nps95669,9,manufacturing,off school grounds,outside school hours,resume review
Melvin,Gross,nps81443,9,,off school grounds,outside school hours,resume review
Lev,Goff,nps14651,11,manufacturing,off school grounds,outside school hours,resume review
Athena,Rice,nps24079,11,manufacturing,off school grounds,outside school hours,resume review
Lewis,Harper,nps78334,10,manufacturing,off school grounds,outside school hours,resume review
Tobias,Hunter,nps32512,9,manufacturing,off school grounds,outside school hours,resume review
Kaseem,Sloan,nps75709,12,,off school grounds,outside school hours,resume review
Garrison,Hurst,nps51648,11,,off school grounds,outside school hours,resume review
Jeanette,Fitzpatrick,nps62863,9,manufacturing,off school grounds,outside school hours,resume review
Clementine,Flowers,nps93449,9,manufacturing,off school grounds,outside school hours,resume review
Florence,Mann,nps19379,9,manufacturing,off school grounds,outside school hours,resume review
Drew,Vincent,nps77947,10,manufacturing,off school grounds,outside school hours,resume review
Wynter,Poole,nps88800,10,manufacturing,off school grounds,outside school hours,resume review
Gil,Shepard,nps19290,12,,on school grounds,outside school hours,worksite tour
Courtney,Mason,nps46473,11,,on school grounds,outside school hours,worksite tour
Knox,Lee,nps58880,10,manufacturing,on school grounds,outside school hours,worksite tour
Jaquelyn,Kim,nps55707,12,,on school grounds,outside school hours,worksite tour
Sean,Morgan,nps63687,10,manufacturing,on school grounds,outside school hours,worksite tour
Kristen,Horn,nps73590,12,manufacturing,on school grounds,outside school hours,worksite tour
Emery,Jensen,nps63781,12,manufacturing,on school grounds,outside school hours,worksite tour
Macaulay,Dodson,nps62321,12,manufacturing,on school grounds,outside school hours,worksite tour
Colette,Hoffman,nps86894,9,,on school grounds,outside school hours,worksite tour
Whilemina,Church,nps66535,11,manufacturing,on school grounds,outside school hours,worksite tour
Noelle,Albert,nps82025,11,manufacturing,on school grounds,outside school hours,worksite tour
Piper,Wallace,nps60958,9,,on school grounds,outside school hours,worksite tour
Shelby,Garcia,nps28807,12,,on school grounds,outside school hours,worksite tour
Lyle,Bell,nps50726,9,manufacturing,on school grounds,outside school hours,worksite tour
Doris,Livingston,nps56925,12,,on school grounds,outside school hours,worksite tour
Knox,Whitney,nps75052,9,manufacturing,on school grounds,outside school hours,worksite tour
Irma,Forbes,nps60418,12,manufacturing,on school grounds,outside school hours,worksite tour
Christian,Allison,nps22205,9,manufacturing,on school grounds,outside school hours,worksite tour
Christian,Allison,nps22205,9,manufacturing,on school grounds,outside school hours,worksite tour
Buckminster,Benjamin,nps53504,10,manufacturing,on school grounds,outside school hours,worksite tour
Belle,Gomez,nps28854,12,,on school grounds,outside school hours,worksite tour
Chadwick,Love,nps94017,9,manufacturing,on school grounds,outside school hours,worksite tour
Dalton,Cohen,nps43158,11,,on school grounds,outside school hours,worksite tour
Brock,Garner,nps97674,10,manufacturing,on school grounds,outside school hours,worksite tour
Adrienne,Huff,nps80671,9,manufacturing,on school grounds,outside school hours,worksite tour
Emmanuel,Ballard,nps37139,10,manufacturing,on school grounds,outside school hours,worksite tour
Quemby,Parks,nps35179,10,manufacturing,on school grounds,outside school hours,worksite tour
Eaton,Ashley,nps78751,12,manufacturing,on school grounds,outside school hours,worksite tour
Wynter,Poole,nps88800,10,manufacturing,on school grounds,outside school hours,worksite tour
Chantale,Peck,nps14591,11,manufacturing,on school grounds,outside school hours,worksite tour
Zane,Pearson,nps67799,11,manufacturing,on school grounds,outside school hours,worksite tour
Cruz,Boyd,nps76414,11,manufacturing,on school grounds,outside school hours,worksite tour
Penelope,Powers,nps88182,9,,off school grounds,during school hours,resume review
Keely,Merritt,nps25720,10,manufacturing,off school grounds,during school hours,resume review
Roary,Castaneda,nps46946,9,manufacturing,off school grounds,during school hours,resume review
Brady,Conway,nps73513,9,manufacturing,off school grounds,during school hours,resume review
Wanda,Hebert,nps79921,12,manufacturing,off school grounds,during school hours,resume review
Jenette,Sellers,nps26733,9,manufacturing,off school grounds,during school hours,resume review
Salvador,Barrett,nps73192,11,,off school grounds,during school hours,resume review
Shelby,Garcia,nps28807,12,,off school grounds,during school hours,resume review
Lyle,Bell,nps50726,9,manufacturing,off school grounds,during school hours,resume review
Melvin,Gross,nps81443,9,,off school grounds,during school hours,resume review
Knox,Whitney,nps75052,9,manufacturing,off school grounds,during school hours,resume review
Burton,Leon,nps92963,12,manufacturing,off school grounds,during school hours,resume review
Kelly,Carroll,nps13386,12,manufacturing,off school grounds,during school hours,resume review
Jack,Thomas,nps57385,12,,off school grounds,during school hours,resume review
Michael,Fuller,nps54879,10,manufacturing,off school grounds,during school hours,resume review
Dante,Rivas,nps63999,12,,off school grounds,during school hours,resume review
Brock,Garner,nps97674,10,manufacturing,off school grounds,during school hours,resume review
Clarke,Kirk,nps46854,9,manufacturing,off school grounds,during school hours,resume review
Edward,Merritt,nps90252,9,manufacturing,off school grounds,during school hours,resume review
Lester,Johnson,nps30828,10,manufacturing,off school grounds,during school hours,resume review
Jeanette,Fitzpatrick,nps62863,9,manufacturing,off school grounds,during school hours,resume review
Slade,English,nps89412,11,manufacturing,off school grounds,during school hours,resume review
Slade,English,nps89412,11,manufacturing,off school grounds,during school hours,resume review
Cadman,Reilly,nps39332,10,manufacturing,off school grounds,during school hours,resume review
Paul,Durham,nps14364,11,manufacturing,off school grounds,during school hours,resume review
Claire,Saunders,nps55584,9,,off school grounds,during school hours,resume review
Claire,Saunders,nps55584,9,,off school grounds,during school hours,resume review
Jael,Lott,nps74942,11,manufacturing,off school grounds,during school hours,resume review
Jael,Lott,nps74942,11,manufacturing,off school grounds,during school hours,resume review
Eaton,Ashley,nps78751,12,manufacturing,off school grounds,during school hours,resume review
Hollee,Vargas,nps41326,12,manufacturing,off school grounds,during school hours,resume review
William,Key,gcps19758,9,,on school grounds,outside school hours,guest speaker
Zephr,Rogers,gcps29759,12,,on school grounds,outside school hours,guest speaker
Carly,Duran,gcps84350,12,,on school grounds,outside school hours,guest speaker
Myles,Barker,gcps60230,10,,on school grounds,outside school hours,guest speaker
Jin,Best,gcps13590,12,,on school grounds,outside school hours,guest speaker
Athena,Waters,gcps40154,9,healthcare,on school grounds,outside school hours,guest speaker
Harper,Holloway,gcps93352,10,healthcare,on school grounds,outside school hours,guest speaker
Adria,Bridges,gcps34010,10,healthcare,on school grounds,outside school hours,guest speaker
Ulla,Burch,gcps10468,10,healthcare,on school grounds,outside school hours,guest speaker
Ulla,Burch,gcps10468,10,healthcare,on school grounds,outside school hours,guest speaker
Kylynn,Thomas,gcps80305,10,healthcare,on school grounds,outside school hours,guest speaker
Stephanie,Winters,gcps74641,10,,on school grounds,outside school hours,guest speaker
Darius,Kent,gcps90142,12,healthcare,on school grounds,outside school hours,guest speaker
Amity,Richard,gcps91275,12,,on school grounds,outside school hours,guest speaker
Sean,Mills,gcps48846,9,healthcare,on school grounds,outside school hours,guest speaker
Halla,Gay,gcps56534,11,healthcare,on school grounds,outside school hours,guest speaker
Tamekah,Gill,gcps60511,11,,on school grounds,outside school hours,guest speaker
Lael,Velasquez,gcps57562,12,healthcare,on school grounds,outside school hours,guest speaker
Lael,Velasquez,gcps57562,12,healthcare,on school grounds,outside school hours,guest speaker
Zia,Sandoval,gcps20059,9,,on school grounds,outside school hours,guest speaker
Aline,Mcbride,gcps91389,11,healthcare,on school grounds,outside school hours,guest speaker
Carson,York,gcps22030,11,healthcare,on school grounds,outside school hours,guest speaker
Yolanda,Bruce,gcps17641,12,healthcare,on school grounds,outside school hours,guest speaker
Fredericka,Bridges,gcps60287,11,healthcare,on school grounds,outside school hours,guest speaker
Iris,English,gcps68856,12,,on school grounds,outside school hours,guest speaker
Odysseus,Meyers,gcps53125,11,,on school grounds,outside school hours,guest speaker
Reece,Dodson,gcps14886,9,,on school grounds,outside school hours,guest speaker
Mara,Hunter,gcps21068,11,healthcare,on school grounds,outside school hours,guest speaker
Neil,Mccoy,gcps71191,11,healthcare,on school grounds,outside school hours,guest speaker
Travis,Osborn,gcps15747,11,,on school grounds,outside school hours,guest speaker
Maryam,Reyes,gcps57437,11,,on school grounds,outside school hours,guest speaker
Brynn,Rush,gcps13648,12,healthcare,on school grounds,outside school hours,guest speaker
Bo,Whitaker,gcps98156,11,healthcare,on school grounds,outside school hours,guest speaker
Aspen,Spence,gcps56422,9,healthcare,on school grounds,outside school hours,guest speaker
Gareth,Sweeney,gcps92739,11,,on school grounds,outside school hours,guest speaker
Celeste,Mooney,gcps77450,9,healthcare,on school grounds,outside school hours,guest speaker
Dana,Cortez,nps30648,12,,off school grounds,outside school hours,resume review
Hasad,Salazar,nps34894,11,,off school grounds,outside school hours,resume review
Hasad,Salazar,nps34894,11,,off school grounds,outside school hours,resume review
Joel,Conley,nps68780,12,manufacturing,off school grounds,outside school hours,resume review
Joel,Conley,nps68780,12,manufacturing,off school grounds,outside school hours,resume review
Darius,Middleton,nps84578,9,,off school grounds,outside school hours,resume review
Sonya,Williams,nps53919,11,,off school grounds,outside school hours,resume review
Sonya,Williams,nps53919,11,,off school grounds,outside school hours,resume review
Melinda,Vega,nps77737,12,,off school grounds,outside school hours,resume review
Macaulay,Dodson,nps62321,12,manufacturing,off school grounds,outside school hours,resume review
Doris,Horton,nps36386,11,,off school grounds,outside school hours,resume review
Isabelle,Glass,nps37060,10,,off school grounds,outside school hours,resume review
Ezekiel,Rutledge,nps67292,10,manufacturing,off school grounds,outside school hours,resume review
Aimee,Joyce,nps10752,10,manufacturing,off school grounds,outside school hours,resume review
Philip,Delaney,nps42544,12,manufacturing,off school grounds,outside school hours,resume review
Jaden,Hyde,nps82080,11,manufacturing,off school grounds,outside school hours,resume review
Noelle,Albert,nps82025,11,manufacturing,off school grounds,outside school hours,resume review
Salvador,Barrett,nps73192,11,,off school grounds,outside school hours,resume review
Salvador,Hunt,nps71256,11,,off school grounds,outside school hours,resume review
Tanner,Heath,nps81410,12,manufacturing,off school grounds,outside school hours,resume review
Salvador,Cash,nps92574,9,manufacturing,off school grounds,outside school hours,resume review
Shafira,Richards,nps54138,10,manufacturing,off school grounds,outside school hours,resume review
Lewis,Harper,nps78334,10,manufacturing,off school grounds,outside school hours,resume review
Chadwick,Love,nps94017,9,manufacturing,off school grounds,outside school hours,resume review
Nolan,Kirkland,nps97099,12,manufacturing,off school grounds,outside school hours,resume review
Vivien,Moody,nps56032,9,,off school grounds,outside school hours,resume review
Owen,Holcomb,nps85130,12,manufacturing,off school grounds,outside school hours,resume review
Wynter,Poole,nps88800,10,manufacturing,off school grounds,outside school hours,resume review
Zachary,Alexander,gcps93797,10,healthcare,off school grounds,during school hours,resume review
Hoyt,Ferguson,gcps14016,9,,off school grounds,during school hours,resume review
Bo,Rich,gcps65808,9,healthcare,off school grounds,during school hours,resume review
Shelby,Sheppard,gcps83531,10,healthcare,off school grounds,during school hours,resume review
Macy,Monroe,gcps23462,10,healthcare,off school grounds,during school hours,resume review
Amelia,Dorsey,gcps52174,11,healthcare,off school grounds,during school hours,resume review
Katell,Price,gcps36151,11,,off school grounds,during school hours,resume review
Zia,Sandoval,gcps20059,9,,off school grounds,during school hours,resume review
Carson,York,gcps22030,11,healthcare,off school grounds,during school hours,resume review
Fulton,Fuentes,gcps80860,12,,off school grounds,during school hours,resume review
Fulton,Fuentes,gcps80860,12,,off school grounds,during school hours,resume review
Reece,Dodson,gcps14886,9,,off school grounds,during school hours,resume review
Lara,Foreman,gcps43416,11,healthcare,off school grounds,during school hours,resume review
Ariel,Gibbs,gcps50171,12,,off school grounds,during school hours,resume review
Ariel,Gibbs,gcps50171,12,,off school grounds,during school hours,resume review
Gavin,Huber,gcps95412,9,,off school grounds,during school hours,resume review
Aaron,Sosa,gcps31123,11,healthcare,off school grounds,during school hours,resume review
Naomi,Mccullough,gcps20717,11,,off school grounds,during school hours,resume review
Aspen,Spence,gcps56422,9,healthcare,off school grounds,during school hours,resume review
Aspen,Spence,gcps56422,9,healthcare,off school grounds,during school hours,resume review
Aspen,Spence,gcps56422,9,healthcare,off school grounds,during school hours,resume review
Cynthia,Sims,gcps17291,10,healthcare,off school grounds,during school hours,resume review
Blaze,Hamilton,gcps48897,10,healthcare,off school grounds,during school hours,resume review
Vielka,Summers,gcps26337,12,healthcare,off school grounds,during school hours,resume review
Gemma,Savage,gcps63199,12,,off school grounds,during school hours,resume review
Lester,Yates,gcps75956,9,healthcare,off school grounds,during school hours,resume review
Kelsie,Weaver,gcps71876,12,healthcare,off school grounds,during school hours,resume review
Summer,Key,gcps87888,10,healthcare,off school grounds,during school hours,resume review
Abigail,Foley,gcps52408,12,healthcare,off school grounds,during school hours,resume review
Abigail,Foley,gcps52408,12,healthcare,off school grounds,during school hours,resume review
Kieran,Nunez,gcps73725,10,,off school grounds,during school hours,resume review
Francis,Payne,gcps92682,10,,off school grounds,during school hours,resume review
Cyrus,Fields,gcps29395,10,healthcare,off school grounds,during school hours,resume review
Lysandra,Mcpherson,gcps28777,9,,off school grounds,during school hours,resume review
Clare,Jenkins,gcps65663,10,,off school grounds,during school hours,resume review
Elton,Richards,gcps51034,12,,off school grounds,during school hours,resume review
Branden,Yang,gcps65858,12,,off school grounds,during school hours,resume review
Fitzgerald,Finley,gcps96416,11,healthcare,off school grounds,during school hours,resume review
Fitzgerald,Finley,gcps96416,11,healthcare,off school grounds,during school hours,resume review
Ainsley,Winters,gcps32121,9,,off school grounds,during school hours,resume review
Odysseus,Meyers,gcps53125,11,,off school grounds,during school hours,resume review
Nero,Page,gcps85332,11,healthcare,off school grounds,during school hours,resume review
Ariel,Gibbs,gcps50171,12,,off school grounds,during school hours,resume review
Forrest,Clarke,gcps62078,12,healthcare,off school grounds,during school hours,resume review
Ignacia,Walter,gcps67879,11,healthcare,off school grounds,during school hours,resume review
Suki,Carter,gcps36529,9,,off school grounds,during school hours,resume review
Helen,Jordan,nps99229,10,,off school grounds,outside school hours,mock interview
Roary,Castaneda,nps46946,9,manufacturing,off school grounds,outside school hours,mock interview
Dylan,Norris,nps45906,11,manufacturing,off school grounds,outside school hours,mock interview
Lydia,Andrews,nps48784,10,manufacturing,off school grounds,outside school hours,mock interview
Walker,Poole,nps14751,12,,off school grounds,outside school hours,mock interview
Anne,Douglas,nps86345,9,,off school grounds,outside school hours,mock interview
Doris,Horton,nps36386,11,,off school grounds,outside school hours,mock interview
Omar,Burch,nps69267,9,manufacturing,off school grounds,outside school hours,mock interview
Reece,Mccoy,nps13542,10,,off school grounds,outside school hours,mock interview
Piper,Wallace,nps60958,9,,off school grounds,outside school hours,mock interview
Ira,Powell,nps24130,9,,off school grounds,outside school hours,mock interview
Gavin,Holcomb,nps44262,10,,off school grounds,outside school hours,mock interview
Rose,Crosby,nps49330,12,manufacturing,off school grounds,outside school hours,mock interview
Knox,Whitney,nps75052,9,manufacturing,off school grounds,outside school hours,mock interview
Lewis,Harper,nps78334,10,manufacturing,off school grounds,outside school hours,mock interview
Kelly,Carroll,nps13386,12,manufacturing,off school grounds,outside school hours,mock interview
Vivien,Moody,nps56032,9,,off school grounds,outside school hours,mock interview
Perry,Chambers,nps85842,12,manufacturing,off school grounds,outside school hours,mock interview
Adrienne,Huff,nps80671,9,manufacturing,off school grounds,outside school hours,mock interview
Anthony,Yang,nps18976,11,,off school grounds,outside school hours,mock interview
Aiko,Reeves,nps97306,11,,off school grounds,outside school hours,mock interview
Daquan,Murphy,nps10490,9,manufacturing,off school grounds,outside school hours,mock interview
Chantale,Peck,nps14591,11,manufacturing,off school grounds,outside school hours,mock interview
Hasad,Salazar,nps34894,11,,on school grounds,during school hours,worksite tour
Haviva,Drake,nps44405,10,,on school grounds,during school hours,worksite tour
Kermit,Williamson,nps76097,9,manufacturing,on school grounds,during school hours,worksite tour
Brady,Conway,nps73513,9,manufacturing,on school grounds,during school hours,worksite tour
Clinton,Riddle,nps66651,10,,on school grounds,during school hours,worksite tour
Kamal,Foreman,nps33584,12,manufacturing,on school grounds,during school hours,worksite tour
Timon,Gibson,nps60256,11,,on school grounds,during school hours,worksite tour
Doris,Horton,nps36386,11,,on school grounds,during school hours,worksite tour
Ezekiel,Rutledge,nps67292,10,manufacturing,on school grounds,during school hours,worksite tour
Dominic,Hinton,nps10987,10,,on school grounds,during school hours,worksite tour
Tatiana,Kent,nps99672,9,manufacturing,on school grounds,during school hours,worksite tour
Willow,Workman,nps91078,10,manufacturing,on school grounds,during school hours,worksite tour
Melvin,Gross,nps81443,9,,on school grounds,during school hours,worksite tour
Germaine,Hartman,nps35991,12,manufacturing,on school grounds,during school hours,worksite tour
Adele,Washington,nps44762,9,,on school grounds,during school hours,worksite tour
Salvador,Cash,nps92574,9,manufacturing,on school grounds,during school hours,worksite tour
Salvador,Cash,nps92574,9,manufacturing,on school grounds,during school hours,worksite tour
Knox,Whitney,nps75052,9,manufacturing,on school grounds,during school hours,worksite tour
Belle,Gomez,nps28854,12,,on school grounds,during school hours,worksite tour
Tanek,Hester,nps66813,10,,on school grounds,during school hours,worksite tour
Kameko,Guerrero,nps98273,11,,on school grounds,during school hours,worksite tour
Camilla,Long,nps11407,11,manufacturing,on school grounds,during school hours,worksite tour
Garrison,Hurst,nps51648,11,,on school grounds,during school hours,worksite tour
Garrison,Hurst,nps51648,11,,on school grounds,during school hours,worksite tour
Rigel,Pope,nps60732,12,,on school grounds,during school hours,worksite tour
Jeanette,Fitzpatrick,nps62863,9,manufacturing,on school grounds,during school hours,worksite tour
Paul,Durham,nps14364,11,manufacturing,on school grounds,during school hours,worksite tour
Quamar,Gordon,nps58728,9,,on school grounds,during school hours,worksite tour
Courtney,Gilliam,nps39136,11,,on school grounds,during school hours,worksite tour
Constance,Haley,nps76920,9,,on school grounds,during school hours,worksite tour
Drew,Vincent,nps77947,10,manufacturing,on school grounds,during school hours,worksite tour
Samuel,Leonard,nps65947,12,manufacturing,on school grounds,during school hours,worksite tour
Pearl,Clay,nps44420,10,manufacturing,on school grounds,during school hours,worksite tour
Haviva,Drake,nps44405,10,,off school grounds,outside school hours,mock interview
Haviva,Drake,nps44405,10,,off school grounds,outside school hours,mock interview
Rae,Aguirre,nps20698,11,manufacturing,off school grounds,outside school hours,mock interview
Maggy,Sellers,nps91924,10,manufacturing,off school grounds,outside school hours,mock interview
Martina,George,nps11674,10,,off school grounds,outside school hours,mock interview
Christen,Fields,nps69272,11,manufacturing,off school grounds,outside school hours,mock interview
Doris,Horton,nps36386,11,,off school grounds,outside school hours,mock interview
Doris,Horton,nps36386,11,,off school grounds,outside school hours,mock interview
Jackson,Barton,nps83877,9,manufacturing,off school grounds,outside school hours,mock interview
Isabelle,Glass,nps37060,10,,off school grounds,outside school hours,mock interview
Axel,Oliver,nps66721,10,,off school grounds,outside school hours,mock interview
Dominic,Hinton,nps10987,10,,off school grounds,outside school hours,mock interview
Benjamin,Vang,nps95669,9,manufacturing,off school grounds,outside school hours,mock interview
Dustin,Robles,nps34260,12,,off school grounds,outside school hours,mock interview
Alexander,Jordan,nps21942,9,manufacturing,off school grounds,outside school hours,mock interview
Kelsey,Jenkins,nps88187,12,,off school grounds,outside school hours,mock interview
Athena,Rice,nps24079,11,manufacturing,off school grounds,outside school hours,mock interview
Octavia,Ewing,nps47988,12,,off school grounds,outside school hours,mock interview
Irma,Forbes,nps60418,12,manufacturing,off school grounds,outside school hours,mock interview
Burton,Leon,nps92963,12,manufacturing,off school grounds,outside school hours,mock interview
Zahir,Gilliam,nps95868,12,manufacturing,off school grounds,outside school hours,mock interview
Tucker,Gaines,nps57243,9,,off school grounds,outside school hours,mock interview
Tate,Vega,nps41001,10,manufacturing,off school grounds,outside school hours,mock interview
Tate,Vega,nps41001,10,manufacturing,off school grounds,outside school hours,mock interview
Paul,Durham,nps14364,11,manufacturing,off school grounds,outside school hours,mock interview
Nina,Bright,nps74687,11,,off school grounds,outside school hours,mock interview
Garrett,Hays,gcps36604,12,healthcare,on school grounds,during school hours,worksite tour
Cherokee,Justice,gcps10266,10,,on school grounds,during school hours,worksite tour
Dacey,Simpson,gcps11997,9,,on school grounds,during school hours,worksite tour
Myles,Barker,gcps60230,10,,on school grounds,during school hours,worksite tour
Ezekiel,Briggs,gcps45605,10,,on school grounds,during school hours,worksite tour
Kelsie,Weaver,gcps71876,12,healthcare,on school grounds,during school hours,worksite tour
Shelley,Alston,gcps61645,12,healthcare,on school grounds,during school hours,worksite tour
Bo,Rich,gcps65808,9,healthcare,on school grounds,during school hours,worksite tour
Mannix,Russell,gcps43188,12,healthcare,on school grounds,during school hours,worksite tour
Ora,Knox,gcps63806,9,healthcare,on school grounds,during school hours,worksite tour
Vivian,Wolfe,gcps18375,10,healthcare,on school grounds,during school hours,worksite tour
Debra,Wilkerson,gcps11302,10,healthcare,on school grounds,during school hours,worksite tour
Thane,Patterson,gcps29808,10,healthcare,on school grounds,during school hours,worksite tour
Kylynn,Thomas,gcps80305,10,healthcare,on school grounds,during school hours,worksite tour
Wayne,Garza,gcps87106,12,,on school grounds,during school hours,worksite tour
Brittany,Crawford,gcps80822,12,healthcare,on school grounds,during school hours,worksite tour
Halla,Gay,gcps56534,11,healthcare,on school grounds,during school hours,worksite tour
Branden,Yang,gcps65858,12,,on school grounds,during school hours,worksite tour
Kalia,Huffman,gcps89847,11,healthcare,on school grounds,during school hours,worksite tour
Karen,Calderon,gcps71450,9,healthcare,on school grounds,during school hours,worksite tour
Yolanda,Bruce,gcps17641,12,healthcare,on school grounds,during school hours,worksite tour
Daryl,Munoz,gcps11548,12,,on school grounds,during school hours,worksite tour
Emily,Greer,gcps43748,12,healthcare,on school grounds,during school hours,worksite tour
Gareth,Sweeney,gcps92739,11,,on school grounds,during school hours,worksite tour
Olympia,Hester,gcps40381,12,,on school grounds,during school hours,worksite tour
Lacota,Talley,gcps23373,12,healthcare,on school grounds,during school hours,worksite tour
Samuel,Payne,gcps80212,10,,on school grounds,during school hours,worksite tour
Kylee,Macdonald,gcps52280,12,healthcare,on school grounds,during school hours,worksite tour
Garrett,Fernandez,gcps76019,9,healthcare,on school grounds,during school hours,worksite tour
Macy,Monroe,gcps23462,10,healthcare,on school grounds,during school hours,worksite tour
Lysandra,Mcpherson,gcps28777,9,,on school grounds,during school hours,worksite tour
Thane,Patterson,gcps29808,10,healthcare,on school grounds,during school hours,worksite tour
Helen,Baker,gcps19398,9,,on school grounds,during school hours,worksite tour
Erin,Hogan,gcps96078,10,,on school grounds,during school hours,worksite tour
Amity,Richard,gcps91275,12,,on school grounds,during school hours,worksite tour
Remedios,Maldonado,gcps97177,11,healthcare,on school grounds,during school hours,worksite tour
Halla,Gay,gcps56534,11,healthcare,on school grounds,during school hours,worksite tour
Halla,Gay,gcps56534,11,healthcare,on school grounds,during school hours,worksite tour
Petra,Sykes,gcps27213,11,healthcare,on school grounds,during school hours,worksite tour
Fredericka,Bridges,gcps60287,11,healthcare,on school grounds,during school hours,worksite tour
Kevyn,Love,gcps95695,11,healthcare,on school grounds,during school hours,worksite tour
Alexa,Rowe,gcps99474,11,healthcare,on school grounds,during school hours,worksite tour
Neil,Mccoy,gcps71191,11,healthcare,on school grounds,during school hours,worksite tour
Stephanie,Stewart,gcps86054,9,healthcare,on school grounds,during school hours,worksite tour
Naomi,Mccullough,gcps20717,11,,on school grounds,during school hours,worksite tour
